{
    "classification_report": {
        "-1": {
            "precision": 0.8044444444444444,
            "recall": 0.7820451272203552,
            "f1-score": 0.7930866601752677,
            "support": 2083.0
        },
        "0": {
            "precision": 0.8559322033898306,
            "recall": 0.9639778325123153,
            "f1-score": 0.9067477555748624,
            "support": 3248.0
        },
        "1": {
            "precision": 0.9160978384527872,
            "recall": 0.8327300930713547,
            "f1-score": 0.8724268689057422,
            "support": 3868.0
        },
        "accuracy": 0.8675943037286662,
        "macro avg": {
            "precision": 0.8588248287623541,
            "recall": 0.8595843509346751,
            "f1-score": 0.8574204282186241,
            "support": 9199.0
        },
        "weighted avg": {
            "precision": 0.8695719114603031,
            "recall": 0.8675943037286662,
            "f1-score": 0.8665793403826119,
            "support": 9199.0
        }
    },
    "confusion_matrix": [
        [
            1629,
            200,
            254
        ],
        [
            76,
            3131,
            41
        ],
        [
            320,
            327,
            3221
        ]
    ],
    "test_accuracy": 0.8675943037286662,
    "macro_avg_f1": 0.8574204282186241,
    "weighted_avg_f1": 0.8665793403826119
}